,Volcano,SampleID,sample_RMSE_to_regression
1,Aguilera,PROXAVZ1-A1-93-03,1.3943027562152328
2,Aguilera,117/4,0.7952127587492308
3,Aguilera,93-03,1.530104473220291
4,Aguilera,CS-108,0.9489419352726705
5,Aguilera,PAT-6,0.9238380780304309
20,Apagado,N115,0.2598164583032067
21,Apagado,N96/8,0.14654316085455754
22,Apagado,V149,0.15962412017538957
23,Apagado,Ap1,0.12022570259260333
48,Chaitén,Ant-1,0.1447206397353355
49,Chaitén,20-2C,0.07009967406640213
50,Chaitén,9J13S5-T2,0.13203034466241434
51,Chaitén,CLD342A,0.08700882799214066
52,Chaitén,26-8B,0.08907531115030279
53,Chaitén,LAZ-T13,0.2199260524957124
54,Chaitén,AT3-T6,0.13236872016354093
55,Chaitén,LR0901B-T6-48,0.10278069964679949
56,Chaitén,Cha-1 (sensu stricto) lower,0.2385077353517482
57,Chaitén,Cha-1 (sensu stricto) upper,0.34142991510443965
58,Chaitén,8J13S2-T2,0.16844158061416165
59,Chaitén,Pum-4-8,0.18806816599766993
60,Chaitén,Ralún,0.05733363437899675
61,Chaitén,Raya-1,0.25972624726478133
62,Chaitén,VILLAR1C-I-41.5,0.1206943335446676
63,Chaitén,13-1C,0.07229988849305313
64,Chaitén,825-2A,0.09261191874321521
65,Chaitén,F2-e,0.13767146826900842
66,Chaitén,SC-T3,0.15258829732026433
67,Chaitén,SC-T4,0.13328446867692417
68,Chaitén,Pum-2-2,0.1277487719389409
69,Chaitén,Pum-4-6,0.08542718982598914
70,Chaitén,F2-l,0.31724750921870076
71,Chaitén,F2-m(o),0.36859356662506476
72,Chaitén,F2-m(p),0.08219018848449565
73,Chaitén,Pum-2-10,0.14238423076628354
74,Chaitén,Pum-4-3,0.2033773362305956
75,Chaitén,Cha 2008,0.1448225162269518
76,Chaitén,SC-T1,0.13189763930696133
77,Chaitén,1101SC1 7-8 cm,0.12809155150124849
78,Chaitén,1101SC1 8-9 cm,0.1579587002924728
79,Chaitén,Pum-2-1,0.12206398851959151
80,Chaitén,S2-20-02-2009,0.32948508633972595
81,Chaitén,S3-20-02-2009,0.25601451138763287
82,Chaitén,S5-21-02-2009,0.09131090102459985
83,Chaitén,S9-04-05-2008,0.038691877842675006
84,Chaitén,GPS19-10-06-2008,0.518392933657486
85,Chaitén,Tobogán-10-06-2008,0.251965466250463
86,Chaitén,Trevelín3-08-05-2008,0.08111478092973595
87,Chaitén,Trevelín4-12-05-2008,0.03474270086827758
88,Chaitén,Trevelín5-14-05-2008,0.06879071786317457
89,Chaitén,Bariloche-1-07-05-2008,0.060926945079021924
90,Chaitén,CorFruta-04-05-2008,0.1303246956349252
91,Chaitén,ElCelta-03-05-2008,0.04603095101208149
92,Chaitén,Epuyen-06-05-2008,0.05963179921129396
93,Chaitén,Esquel-05-05-2008,0.05400140397744003
94,Chaitén,Nalca-31-05-2008,0.17541323727323443
95,Chaitén,F2-d,0.1675231523196219
96,Chaitén,SC-T6,0.15474483303228556
97,Chaitén,Pum-2-6,0.1263978502306957
108,Hudson,AR-1F,0.17815322434963854
109,Hudson,EO-1B,0.09783289682781386
110,Hudson,EO-2H,0.09543111812754432
111,Hudson,B-3,0.11085957442267277
112,Hudson,B-4,0.12735856432834522
113,Hudson,Opr-5,0.6083866815289655
114,Hudson,ROH-2C,0.18963534556441874
115,Hudson,PROXAVZ1-H1-93-21G,0.12312742310614586
116,Hudson,PROXAVZ1-H1-RI-16,0.19391100299603206
117,Hudson,90-12,0.2483603336910596
118,Hudson,90-14,0.01506909907692533
119,Hudson,90-23G (Glass shards),0.15889353587715993
120,Hudson,Mir-1,0.418211912650389
121,Hudson,AVZ3-H2Q-60-85,0.25716523810410746
122,Hudson,H2-Q_60-85,0.24119003124785646
123,Hudson,H2-E_0-30,0.230828713527871
124,Hudson,67-74 cm,0.028020992698948446
125,Hudson,110-2,0.09830883128383468
126,Hudson,110-3,0.6205475436246952
127,Hudson,209,0.40586196743433695
128,Hudson,207b,0.1757401118840813
129,Hudson,208a,0.05942802341057599
130,Hudson,210a,0.37935862910590235
131,Hudson,210B,0.11536792755557279
132,Hudson,Fac-1,0.3734965387620286
133,Hudson,Lin-1,0.7256585125026463
134,Hudson,Lof-1,1.3388299179357264
135,Hudson,Opr-1,0.4649335060435469
136,Hudson,3088-800,0.303623132100273
137,Hudson,Lin-2,0.4255580095325254
138,Hudson,Lof-2,1.0491629144531704
139,Hudson,Six-1,0.30357990478310937
140,Hudson,Stb-1,0.21749610554385332
141,Hudson,3088-750,0.2882365416474974
142,Hudson,Fac-2,0.393129862976979
143,Hudson,Lin-3,0.6104919300779942
144,Hudson,Lof-4,0.47250134818987805
145,Hudson,Opr-3,0.4651607222375056
146,Hudson,Opr-4,1.000609064232267
147,Hudson,Six-2,0.2663225292489987
148,Hudson,Stb-2,0.3021336132897803
149,Hudson,380-660,0.25497761108192507
150,Hudson,Lin-4,0.6906548818357846
151,Hudson,Mar-01,0.18415022918806653
152,Hudson,Mir-2,0.2484321652799077
153,Hudson,Opr-7,0.4722202639337397
154,Hudson,Six-3,0.25292524791399784
155,Hudson,Stb-3,0.18552410088814786
156,Hudson,Mar-02,0.6026077922157569
157,Hudson,Mir-3,0.1257318564180766
158,Hudson,Opr-8,0.5664748839881733
159,Hudson,Stb-4,0.2710449508837643
160,Hudson,3088-160,0.3577951773697932
161,Hudson,T1/100,0.17633426713001182
164,Lautaro,Laut-VER21,0.2993348180760914
165,Lautaro,Laut-GEM18,0.8105648075934604
166,Lautaro,Laut-VER17,0.34644167998220604
167,Lautaro,Laut-GEM10,0.3531680920170311
168,Lautaro,Laut-VER7,0.33947449291362486
169,Lautaro,Laut-VER55,0.6730583008794278
170,Llaima,8LM-339_A1,0.017875678989394683
171,Llaima,8LM-339_A11,0.0814783916084243
172,Llaima,8LM-339_A11m,0.16830321427467376
173,Llaima,8LM-339_A15,0.10560136714673896
174,Llaima,8LM-339_A17,0.1459200675672898
175,Llaima,8LM-339_A19,0.25539174324542635
176,Llaima,8LM-339_A19m,0.1956459091465773
177,Llaima,8LM-339_A1b,0.10006740008620718
178,Llaima,8LM-339_A1m,0.1526010273256707
179,Llaima,8LM-339_A20,0.1063493899301794
180,Llaima,8LM-339_A20m,0.1552158852554859
181,Llaima,8LM-339_A21,0.22634031378304453
182,Llaima,8LM-339_A22,0.04044079155888092
183,Llaima,8LM-339_A22m,0.06910799235717613
184,Llaima,8LM-339_A26,0.10358669312436353
185,Llaima,8LM-339_A27,0.021362328109366335
186,Llaima,8LM-339_A29,0.15074978343839873
187,Llaima,8LM-339_A29b,0.11518489271045096
188,Llaima,8LM-339_A32,0.06909060125460276
189,Llaima,8LM-339_A32m,0.4207453801248704
190,Llaima,8LM-339_A32m2,0.07629020252976071
191,Llaima,8LM-339_A34,0.09573105134552895
192,Llaima,8LM-339_A34m,0.18136653191817598
193,Llaima,8LM-339_A34m2,0.13674349479901826
194,Llaima,8LM-339_A41,0.1075800325310412
195,Llaima,8LM-339_A41b,0.040857117930242604
196,Llaima,8LM-339_A41c,0.061257617674042475
197,Llaima,8LM-339_A43,0.1254917610524372
198,Llaima,8LM-339_A43m,0.013763719365008087
199,Llaima,8LM-339_A43m2,0.058578436261291555
200,Llaima,8LM-339_A44,0.08618483467444726
201,Llaima,8LM-339_A44b,0.06971123461879647
202,Llaima,8LM-339_A7m,0.08908709132149484
203,Llaima,8LM-339_A9,0.13479414635268894
204,Llaima,8LM-339_A9b,0.047724903201143754
205,Llaima,8LM-339_A9c,0.15768071455343158
206,Llaima,8LM-339_B10,0.0019519419568584384
207,Llaima,8LM-339_B10_2,0.06154838031824206
208,Llaima,8LM-339_B10_3,0.034796205437465644
209,Llaima,8LM-339_B10_4,0.017681771661448464
210,Llaima,8LM-339_B10b,0.07985441778997704
211,Llaima,8LM-339_B10m,0.06213543888842399
212,Llaima,8LM-339_B17,0.11238810484215644
213,Llaima,8LM-339_B19,0.13056801664096918
214,Llaima,8LM-339_B19m1,0.03537054642415316
215,Llaima,8LM-339_B19m2,0.29209310321640203
216,Llaima,8LM-339_B2,0.02270190859620569
217,Llaima,8LM-339_B20,0.031190321909005614
218,Llaima,8LM-339_B20c,0.35901135719621635
219,Llaima,8LM-339_B23,0.3341449745152374
220,Llaima,8LM-339_B23b,0.11328303931103156
221,Llaima,8LM-339_B23c,0.042186799623264326
222,Llaima,8LM-339_B23d,0.021174316227416723
223,Llaima,8LM-339_B23e,0.40956021387183084
224,Llaima,8LM-339_B24,0.09591374599369717
225,Llaima,8LM-339_B29,0.30781971706195943
226,Llaima,8LM-339_B31,0.05680408641339785
227,Llaima,8LM-339_B31b,0.1279686611543147
228,Llaima,8LM-339_B34,0.20870493431710524
229,Llaima,8LM-339_B36,0.18757393363247077
230,Llaima,8LM-339_B7,0.2414758097450337
231,Llaima,8LM-339_B9,0.040736791472949285
232,Llaima,8LM-339_C1,0.06493689756910581
233,Llaima,8LM-339_C13,0.06842994652996048
234,Llaima,8LM-339_C16,0.04631780050210865
235,Llaima,8LM-339_C17,0.06150775377293127
236,Llaima,8LM-339_C19,0.15147499142434806
237,Llaima,8LM-339_C22_1,0.15990906480000167
238,Llaima,8LM-339_C22_2,0.006135047595648535
239,Llaima,8LM-339_C22_3,0.03402368170030501
240,Llaima,8LM-339_C22_4,0.11821419095962715
241,Llaima,8LM-339_C22b,0.018750090539997655
242,Llaima,8LM-339_C7,0.2117846641481036
243,Llaima,8LM-338_A10m,0.3134416986205746
244,Llaima,8LM-338_A10m2,0.08457898755937598
245,Llaima,8LM-338_A10m3,0.11674014721958803
246,Llaima,8LM-338_A15,0.12490055360711472
247,Llaima,8LM-338_A15b,0.09343414301646247
248,Llaima,8LM-338_A15c,0.1251805740992682
249,Llaima,8LM-338_A16,0.06812010980681749
250,Llaima,8LM-338_A17,0.10299555843208907
251,Llaima,8LM-338_A17b,0.04543587211149602
252,Llaima,8LM-338_A22,0.15388948954518056
253,Llaima,8LM-338_A25,0.0645482887168245
254,Llaima,8LM-338_A25m,0.05117003134070697
255,Llaima,8LM-338_A29,0.05972437904604766
256,Llaima,8LM-338_A29b,0.03087497956740115
257,Llaima,8LM-338_A29c,0.14088029714096695
258,Llaima,8LM-338_A3,0.02378133157879314
259,Llaima,8LM-338_A31,0.18992146342920213
260,Llaima,8LM-338_A31b,0.08097600012355832
261,Llaima,8LM-338_A31m,0.12662869250269732
262,Llaima,8LM-338_A32,0.05117843627643548
263,Llaima,8LM-338_A32b,0.07139200829947334
264,Llaima,8LM-338_A32c,0.043905121562334726
265,Llaima,8LM-338_A32d,0.09523386474526008
266,Llaima,8LM-338_A35m,0.13191819129139426
267,Llaima,8LM-338_A37,0.03700431386625036
268,Llaima,8LM-338_A3b,0.15203370753188106
269,Llaima,8LM-338_B1,0.13652526356118144
270,Llaima,8LM-338_B11,0.10213994259064751
271,Llaima,8LM-338_B12,0.12963539869093976
272,Llaima,8LM-338_B14,0.06727969614915041
273,Llaima,8LM-338_B14b,0.14777570478012514
274,Llaima,8LM-338_B14m,0.05890354829000444
275,Llaima,8LM-338_B15,0.08615061351562281
276,Llaima,8LM-338_B15b,0.2631630579148536
277,Llaima,8LM-338_B15c,0.17656852624002495
278,Llaima,8LM-338_B15d,0.3173676445489486
279,Llaima,8LM-338_B15e,0.007917862977397605
280,Llaima,8LM-338_B15f,0.10081314699333821
281,Llaima,8LM-338_B15m,0.11686732255882859
282,Llaima,8LM-338_B15m2,0.03352880745715059
283,Llaima,8LM-338_B16,0.01775341766216687
284,Llaima,8LM-338_B16m1,0.12076713910611336
285,Llaima,8LM-338_B16m2,0.043243946907223996
286,Llaima,8LM-338_B16m3,0.031089103004389163
287,Llaima,8LM-338_B16m4,0.07901198079155314
288,Llaima,8LM-338_B16m5,0.04481102181758112
289,Llaima,8LM-338_B17,0.003924408775601518
290,Llaima,8LM-338_B18,0.04931245971837661
291,Llaima,8LM-338_B19,0.15071413911769937
292,Llaima,8LM-338_B2,0.0023595757143493046
293,Llaima,8LM-338_B20,0.02780784446241391
294,Llaima,8LM-338_B20b,0.33179277104881544
295,Llaima,8LM-338_B20m,0.07558650402080413
296,Llaima,8LM-338_B20m2,0.45232364808747527
297,Llaima,8LM-338_B23,0.02358946800018391
298,Llaima,8LM-338_B23b,0.018258850462493814
299,Llaima,8LM-338_B24,0.021509876595481647
300,Llaima,8LM-338_B24c,0.10758944953809457
301,Llaima,8LM-338_B25,0.1614915546337351
302,Llaima,8LM-338_B25b,0.05365124294200352
303,Llaima,8LM-338_B25c,0.1378560653371007
304,Llaima,8LM-338_B25d,0.1039795255094238
305,Llaima,8LM-338_B25e,0.042670617012180556
306,Llaima,8LM-338_B25f,0.22058812290629692
307,Llaima,8LM-338_B25g,0.14362083342217669
308,Llaima,8LM-338_B25m,0.038288612909512354
309,Llaima,8LM-338_B4,0.07297094823638495
310,Llaima,8LM-338_B8,0.02624261136676853
311,Llaima,8LM-338_C1,0.09079529353218996
312,Llaima,8LM-338_C10,0.029620996712867775
313,Llaima,8LM-338_C10b,0.0790484341457276
314,Llaima,8LM-338_C10c,0.05925720650555366
315,Llaima,8LM-338_C11,0.06816330823627803
316,Llaima,8LM-338_C11m,0.03754315176408074
317,Llaima,8LM-338_C13,0.14608395902037752
318,Llaima,8LM-338_C13b,0.08873145352830603
319,Llaima,8LM-338_C13c,0.06051649626271527
320,Llaima,8LM-338_C13d,0.07753676406470522
321,Llaima,8LM-338_C13e,0.07796252397989645
322,Llaima,8LM-338_C14,0.1968336154145527
323,Llaima,8LM-338_C14b,0.06858259890678187
324,Llaima,8LM-338_C15,0.01701262572766482
325,Llaima,8LM-338_C17,0.0829842979801978
326,Llaima,8LM-338_C17m,0.04285537115156035
327,Llaima,8LM-338_C1m,0.10293857156604269
328,Llaima,8LM-338_C2,0.015173504440118002
329,Llaima,8LM-338_C7,0.07186060246007231
330,Llaima,8LM-338_C7b,0.10760322623211116
331,Llaima,8LM-338_C7m,0.0360426349987536
332,Llaima,8LM-338_C8,0.05717396771178718
333,Llaima,8LM-338_D1,0.06772873576083016
334,Llaima,8LM-338_D10,0.07724079631080027
335,Llaima,8LM-338_D10b,0.12559992998667657
336,Llaima,8LM-338_D10m,0.1996147489504433
337,Llaima,8LM-338_D11,0.19329946447177826
338,Llaima,8LM-338_D12,0.352717321474455
339,Llaima,8LM-338_D14,0.02650453893007798
340,Llaima,8LM-338_D14m,0.02543978730597174
341,Llaima,8LM-338_D15,0.08921589705524136
342,Llaima,8LM-338_D15m,0.08427449035168555
343,Llaima,8LM-338_D16,0.09308221753368107
344,Llaima,8LM-338_D1m,0.1387347337071817
345,Llaima,8LM-338_D3,0.09770099486676465
346,Llaima,8LM-338_D3m,0.1510023123327835
347,Llaima,8LM-338_D5,0.24398764092443403
348,Llaima,8LM-338_E3,0.22457732577171707
349,Llaima,8LM-338_E5m,0.2338368288171545
350,Llaima,8LM-338_E7,0.07608447381345351
351,Llaima,8LM-338_E7b,0.12588260241604676
352,Llaima,8LM-338_E7m,0.005571502420542829
353,Llaima,TGL9-14B_A1,0.3134416986205746
354,Llaima,TGL9-14B_A10,0.08457898755937499
355,Llaima,TGL9-14B_A10m,0.0952338647452603
356,Llaima,TGL9-14B_A11,0.1167401472195877
357,Llaima,TGL9-14B_A11m,0.13191819129139393
358,Llaima,TGL9-14B_A2,0.12490055360711472
359,Llaima,TGL9-14B_A2m,0.03700431386625058
360,Llaima,TGL9-14B_A3,0.09343414301646347
361,Llaima,TGL9-14B_A4,0.1251805740992673
362,Llaima,TGL9-14B_A4b,0.06812010980681782
363,Llaima,TGL9-14B_A4m,0.1520337075318805
364,Llaima,TGL9-14B_A5,0.10299555843209018
365,Llaima,TGL9-14B_A5b,0.045435872111495246
366,Llaima,TGL9-14B_A6,0.15388948954518122
367,Llaima,TGL9-14B_A6b,0.06454828871682461
368,Llaima,TGL9-14B_A6c,0.051170031340707745
369,Llaima,TGL9-14B_A6d,0.05972437904604688
370,Llaima,TGL9-14B_A7,0.03087497956740126
371,Llaima,TGL9-14B_A7m,0.136525263561182
372,Llaima,TGL9-14B_A8,0.05890354829000466
373,Llaima,TGL9-14B_B1,0.14088029714096706
374,Llaima,TGL9-14B_B1m,0.10213994259064774
375,Llaima,TGL9-14B_B2m,0.12963539869093987
376,Llaima,TGL9-14B_B3,0.02378133157879314
377,Llaima,TGL9-14B_B4,0.18992146342920113
378,Llaima,TGL9-14B_B5,0.08097600012355832
379,Llaima,TGL9-14B_B5b,0.12662869250270054
380,Llaima,TGL9-14B_B5c,0.05117843627643626
381,Llaima,TGL9-14B_B6,0.07139200829947312
382,Llaima,TGL9-14B_B6b,0.04390512156233495
383,Llaima,TGL9-14B_B6m,0.06727969614915064
384,Llaima,TGL9-14B_C1,0.08615061351562303
385,Llaima,TGL9-14B_C1m,0.14777570478012525
386,Llaima,2008 Llaima,0.12716226793321694
387,Llaima,JK193,0.20981433162579624
388,Llaima,CLD423A,0.1925983874539464
389,Llaima,LL17-4,1.150955766627485
390,Llaima,LL35-1,0.0904240961169599
391,Llaima,LL9-1,0.15110365475412882
392,Llaima,JK263Bb,0.0476300866262131
393,Llaima,JK263c,0.034475269539028706
394,Llaima,JK201,0.2193480424330133
395,Llaima,JK203,0.23825055957102267
396,Llaima,JK204,0.13821624979558172
397,Llaima,JK205,0.12242380104628582
398,Llaima,JK207a,0.06564382993671788
399,Llaima,JK207b,0.11325235603507336
400,Llaima,JK261,0.03602823316879353
401,Llaima,JK261a,0.07560638200187283
402,Llaima,JK261b,0.03952819339307319
403,Llaima,JK261c,0.06246694456042771
404,Llaima,LLA03,0.2589417278241334
405,Llaima,CLD074C,0.1308968092235129
406,Llaima,CLD074D,0.38748771917746094
407,Llaima,CLD074E,0.1870570814398167
408,Llaima,CLD076A,0.21342553406890935
409,Llaima,CLD076B,0.06394381228187491
410,Llaima,VILLAR1C-I-119,0.09780872481251973
411,Llaima,JK280,0.1261577051391644
412,Llaima,C180,0.11039793430416421
413,Llaima,JK199,0.1405047905775147
414,Llaima,JK196,0.11957875897781901
415,Llaima,JK197,0.10540708774649112
416,Llaima,JK195a,0.1068717589721993
417,Llaima,JK195b,0.09960566755882402
418,Llaima,JK194,0.24564692735907284
419,Llaima,JK200,0.13456072318053974
420,Llaima,JK198,0.1634903773880398
421,Llaima,JK266,0.15494897864208926
422,Llaima,JK267,0.127281036769725
423,Llaima,JK268,0.17543990467279286
424,Llaima,JK206,0.17326039718723515
425,Llaima,JK208a,0.055051829576447116
426,Llaima,JK208b,0.15398605869084486
427,Llaima,JK208,0.19498940939448298
428,Llaima,JK237,0.05513499663833099
429,Llaima,JK214c,0.10014603026868667
430,Llaima,JK214d,0.061499802268046605
431,Llaima,JK215a,0.19618430177023202
432,Llaima,JK215b,0.1707630823479904
433,Llaima,JK212,0.18915113576516368
434,Llaima,JK213,0.13509897179725106
435,Llaima,JK236,0.18265707893984326
436,Llaima,JK216,0.09811326675178446
437,Llaima,JK217,0.17984648288682664
438,Llaima,JK218,0.14130083294615406
439,Llaima,JK219,0.167262259754309
440,Llaima,JK220,0.11452598672832691
441,Llaima,JK221,0.07364712786858621
442,Llaima,JK222,0.20840442893767985
443,Llaima,JK223,0.19075401533654038
444,Llaima,JK224,0.15315801988123762
445,Llaima,JK225,0.2520108188247394
446,Llaima,JK226,0.32087316767618945
447,Llaima,JK227,0.19658703378334366
448,Llaima,JK228,0.1398157771038338
449,Llaima,JK235,0.13736413443795067
450,Llaima,JK234,0.15964386758756097
451,Llaima,JK233,0.16254179108003963
452,Llaima,JK232,0.19252220899113884
453,Llaima,JK231,0.07320303006029115
454,Llaima,JK230,0.14546541689963602
455,Llaima,JK240,0.24579067792598985
456,Llaima,JK239,0.06000969499098297
457,Llaima,JK257,0.12005159212860468
458,Llaima,JK258,0.12362691488162102
459,Llaima,JK259,0.1505666178236771
460,Llaima,JK260,0.08718119274465103
461,Llaima,JK262,0.09316706319618488
462,Llaima,JK264,0.24547368676891443
463,Llaima,JK265,0.17964622589277157
475,Mentolat,Q1,0.3545410076683846
476,Mentolat,RM,0.755085040900714
477,Mentolat,T3-G-1,0.31226363113129807
478,Mentolat,T3-G-2,0.38547384072847124
479,Mentolat,T3-G-3,0.2282334541950568
480,Mentolat,T3-G-4,0.12797157445751517
481,Mentolat,T3-G-5,0.2956661469506452
482,Mentolat,T3-G-6,0.4932296250436714
483,Mentolat,T3-G-7,0.20231199313782833
484,Mentolat,T3-G-8,0.23485870735043113
485,Mentolat,T3-G-9,0.2096768078258695
486,Mentolat,T3-I-1,0.22472386361955432
487,Mentolat,T3-I-2,0.035258471168010175
488,Mentolat,T3-I-3,0.0936830827877626
489,Mentolat,T3-I-4,0.10406997138127716
490,Mentolat,T3-I-5,0.03150376556082923
491,Mentolat,T3-I-6,0.026167619719548174
492,Michinmahuida,"0201DT8, 1804 cm",0.057001981986105316
493,Michinmahuida,LAZ-T7A,0.15442579728317388
494,Michinmahuida,LAZ-T7B,0.4655448278036935
495,Michinmahuida,T8/100,0.2452716352472471
496,Michinmahuida,14.68m,0.5592700880582377
497,Michinmahuida,14J13 S4-2,0.12386791656764676
498,Michinmahuida,14J13 S4-3,0.24511919663770704
499,Michinmahuida,14J13 S5-1,0.1592946008430998
500,Michinmahuida,Pum-4-9,1.2917537299550372
501,Michinmahuida,T12/100,0.2821357118063926
502,Michinmahuida,T14/100,0.2170690135605868
503,Michinmahuida,T15/100,0.2959050502338926
504,Michinmahuida,T2/100,0.35145081344633344
505,Michinmahuida,T4/100,0.37266536087639357
506,Michinmahuida,T5/100,0.1945521512494689
507,Michinmahuida,T6/100,0.3336834043049408
508,Michinmahuida,T6/100 (base),0.21633662977845386
509,Michinmahuida,T7/100,0.3306220274755865
683,Osorno,41.7-42.1 cm,0.35799181413102377
684,Osorno,CLD339A,0.05860279362048265
685,Puyehue-Cordón Caulle,CAL2A-I-44.5,0.20112056208157184
686,Puyehue-Cordón Caulle,CALA02-103.5,0.13561043553254024
687,Puyehue-Cordón Caulle,CALSC01-100.3,0.19364273317988506
688,Puyehue-Cordón Caulle,CLD241A,0.10750192392965068
689,Puyehue-Cordón Caulle,CLD241B,0.15031224702083096
690,Puyehue-Cordón Caulle,CLD241C,0.26022796729666026
691,Puyehue-Cordón Caulle,CLD241D,0.07612105821396942
692,Puyehue-Cordón Caulle,CLD248F,0.08630180074184106
693,Puyehue-Cordón Caulle,CLD248H,0.08591405062164181
694,Puyehue-Cordón Caulle,CLD252A,0.07926096591076831
695,Puyehue-Cordón Caulle,CLD252B,0.06305384750159355
696,Puyehue-Cordón Caulle,CLD312A,0.16303451575789352
697,Puyehue-Cordón Caulle,CLD325A,0.10599655164619211
698,Puyehue-Cordón Caulle,CLD325B,0.08661465079126865
699,Puyehue-Cordón Caulle,RIN2A-II-3,0.17507257141622126
700,Puyehue-Cordón Caulle,VILLSC02-78,0.5450994943940335
701,Puyehue-Cordón Caulle,CLD243B,0.08074052614126226
702,Puyehue-Cordón Caulle,CLD244E,0.026902861953773026
703,Puyehue-Cordón Caulle,PII-D_1,0.10994135887059375
704,Puyehue-Cordón Caulle,PII-D_3,0.06129910205740252
705,Puyehue-Cordón Caulle,CLD247D,0.06475343563087262
706,Puyehue-Cordón Caulle,8.3-8.6 cm,0.11963908856390552
707,Puyehue-Cordón Caulle,4.5-5 cm,0.40108047798189206
708,Puyehue-Cordón Caulle,PuT4,0.1730211000288865
709,Puyehue-Cordón Caulle,CAL3B-II-69,0.14811487988996003
710,Puyehue-Cordón Caulle,CLD160H,0.10532471066960286
711,Puyehue-Cordón Caulle,CLD244C,0.08958369683991303
712,Puyehue-Cordón Caulle,CLD247A,0.08189217343364737
713,Puyehue-Cordón Caulle,CLD238A,0.0723384846672746
714,Puyehue-Cordón Caulle,PCC-1,0.13754759651304546
715,Puyehue-Cordón Caulle,PCC-10,0.09937553055143192
716,Puyehue-Cordón Caulle,PCC-11,0.11640830719866459
717,Puyehue-Cordón Caulle,PCC-12,0.07838917436081416
718,Puyehue-Cordón Caulle,PCC-14,0.14078796784135827
719,Puyehue-Cordón Caulle,PCC-15,0.12816218509351895
720,Puyehue-Cordón Caulle,PCC-16,0.16407256861471786
721,Puyehue-Cordón Caulle,PCC-18,0.10459288727274058
722,Puyehue-Cordón Caulle,PCC-19,0.13891162643799043
723,Puyehue-Cordón Caulle,PCC-2,0.09825130591814527
724,Puyehue-Cordón Caulle,PCC-20,0.10337399451331743
725,Puyehue-Cordón Caulle,PCC-4,0.14112885430347222
726,Puyehue-Cordón Caulle,PCC-6,0.08091144420907412
727,Puyehue-Cordón Caulle,PCC-7,0.09190551105953533
728,Puyehue-Cordón Caulle,PCC-8,0.1416224278144994
729,Puyehue-Cordón Caulle,PA12CCT17,0.16269717760597846
730,Puyehue-Cordón Caulle,PA12CCT18,0.16250945961725569
731,Puyehue-Cordón Caulle,PA12CCT35,0.19954962860418965
732,Puyehue-Cordón Caulle,PU12CCT05,0.10929952224496378
733,Puyehue-Cordón Caulle,PU12CCT06,0.13947398963141414
734,Puyehue-Cordón Caulle,PU12CCT07,0.10803823771703783
735,Puyehue-Cordón Caulle,CAL2A-IV-35,0.0846422340641251
736,Puyehue-Cordón Caulle,RIN2B-IV-30.5,0.10013773570436506
737,Puyehue-Cordón Caulle,CAL2A-VI-34,0.09578439293332279
738,Puyehue-Cordón Caulle,CAL3B-I-29,0.1135431817254819
739,Puyehue-Cordón Caulle,CLD154E,0.0705775818610809
740,Puyehue-Cordón Caulle,CLD239A,0.056553408751219766
741,Puyehue-Cordón Caulle,CLD249A,0.10066812161735429
742,Puyehue-Cordón Caulle,CLD253A,0.06277133200270565
743,Puyehue-Cordón Caulle,CLD255A,0.0812047560463452
744,Puyehue-Cordón Caulle,CLD312B,0.07470467055414806
745,Puyehue-Cordón Caulle,CLD416A,0.08281971168543355
746,Puyehue-Cordón Caulle,"RIN2B-VI-60,5",0.14319706103815508
747,Puyehue-Cordón Caulle,VILLAR1B-II-38.5,0.07675476143272525
748,Puyehue-Cordón Caulle,CAL2A-V-41.5,0.21903907859413257
749,Puyehue-Cordón Caulle,CLD247B,0.07254077216676484
750,Puyehue-Cordón Caulle,47.4-48.6 cm,0.1813351310587276
751,Puyehue-Cordón Caulle,RIN2B-III-22.5,0.13606080363674916
752,Puyehue-Cordón Caulle,RIN2B-IV-42,0.08597659278218792
753,Puyehue-Cordón Caulle,RIN2B-V-18,0.15100772687395297
754,Puyehue-Cordón Caulle,PuT13,0.2423586569318235
755,Puyehue-Cordón Caulle,PuT15,0.14628975368341962
756,Puyehue-Cordón Caulle,PuT17,0.11535280144152792
757,Puyehue-Cordón Caulle,PuT5,0.12763266527934317
758,Puyehue-Cordón Caulle,RuT6,0.0795941822304387
759,Quetrupillán,CLD037A,0.07386960559712777
760,Quetrupillán,CLD038B,0.09746495488048086
761,Quetrupillán,CLD164A,0.18369364876237804
762,Quetrupillán,CLD166B,0.12878850482472853
763,Quetrupillán,CLD166C,0.16914341458093768
764,Quetrupillán,CLD166D,0.1658088759715168
765,Quetrupillán,CLD167A,0.16676230701220598
766,Quetrupillán,CLD168B,0.12481032330082285
767,Quetrupillán,CLD168C,0.10891927001332159
768,Quetrupillán,CLD171A,0.13362917969487093
769,Quetrupillán,CLD171B,0.09803903384240051
770,Quetrupillán,CLD175A,0.08614285407170064
771,Quetrupillán,CLD177B,0.06929751977348166
772,Quetrupillán,CLD179C,0.07941357033440827
773,Quetrupillán,CLD182F,0.12812509729605748
774,Quetrupillán,CLD186A,0.10521590431574024
775,Quetrupillán,CLD402C,0.09072430464081782
776,Quetrupillán,CLD403B,0.1510037716767957
777,Quetrupillán,CLD163B,0.26962528248197554
778,Quetrupillán,CLD168R,0.2244035053250267
779,Quetrupillán,CLD168T,0.2726873384400941
780,Quetrupillán,CLD175D,0.3078628773670691
781,Quetrupillán,CLD168P,0.3866458287386416
782,Quetrupillán,CLD182A,0.5182905776607354
783,Quetrupillán,CLD411A,0.3532362412036808
784,Quetrupillán,CLD163D,0.5775249805024935
785,Quetrupillán,CLD168M,0.45841109047179834
786,Quetrupillán,CLD175C,0.6009131281731527
787,Quetrupillán,CLD182B,0.5287917700348403
788,Quetrupillán,CLD177D,0.13641390305490683
789,Quetrupillán,CLD179A,0.12046300884582396
790,Quetrupillán,CLD182G,0.1146119108757751
791,Quetrupillán,CLD193A,0.13130052846748885
792,Quetrupillán,CLD194B,0.15220275011090556
793,Quetrupillán,CLD198A,0.23513883038080144
794,Quetrupillán,CLD159A,0.4673863425317889
795,Quetrupillán,CLD160M,0.3983011182002483
796,Quetrupillán,CLD160N,0.36662357316273914
797,Quetrupillán,CLD166E,0.3086428193230014
798,Quetrupillán,CLD166F,0.10506133405995834
799,Quetrupillán,CLD171C,0.18573230033067198
800,Quetrupillán,CLD184D,0.07849518290780921
801,Quetrupillán,CLD194A,0.35718680828292065
802,Quetrupillán,CLD197A,0.39566855383344923
803,Quetrupillán,CLD402B,0.13092306562710573
804,Quetrupillán,CLD403A,0.14146955723252236
805,Quetrupillán,CLD404A,0.18205040442667675
806,Quetrupillán,CLD404B,0.4348619185951182
822,Sollipulli,CLD064B,0.18617240410260058
823,Sollipulli,CLD065B,0.18822433599265873
824,Sollipulli,VILLAR1B-I-58,0.20074741937083168
943,Villarrica,CLD025A,0.09344094148781931
944,Villarrica,CLD025B,0.07135652922304979
945,Villarrica,CLD412A,0.07889419421329111
946,Villarrica,CLD412B,0.07396022886494805
947,Villarrica,CLD408A,0.12411916328275796
948,Villarrica,VILLAR8C-II-116,0.1064649967117305
949,Villarrica,VR4,0.9408627078226126
950,Villarrica,VR5-2,0.7678122499697467
951,Villarrica,VR5-3b,0.29793401026382765
952,Villarrica,VR62A1,0.08614577725366218
953,Villarrica,CLD026C,0.16352573465980055
954,Villarrica,CLD034C,0.13574066180002836
955,Villarrica,CLD034D,0.1149715024166972
956,Villarrica,CLD034E,0.1706906734349325
957,Villarrica,CLD041B,0.08656849398301879
958,Villarrica,CLD047A,0.1414405937172751
959,Villarrica,CLD167D,0.22870316268560054
960,Villarrica,CLD168E,0.08861871789499369
961,Villarrica,CLD168F,0.09834098896505773
962,Villarrica,CLD182D,0.13731200211904646
963,Villarrica,CLD182E,0.17197371481520293
964,Villarrica,CLD406E,0.10360271743572663
965,Villarrica,LR0901B-T4-21,0.22444958091451583
966,Villarrica,VILL1C-II-55,0.2591594244333673
967,Villarrica,VILLAR1B-I-91,0.25674424757567377
968,Villarrica,CAL1A-VI-42,0.21610331182798512
969,Villarrica,CAL1A-VI-62,0.16383636473210178
970,Villarrica,CAL1B-II-12,0.15311705735544703
971,Villarrica,CAL2A-III-16.5,0.1886026548789555
972,Villarrica,CAL2A-III-48.5,0.1966060183835142
973,Villarrica,CAL2A-IV-54,0.3028602626235401
974,Villarrica,CAL2A-V-29.5,0.2669987980784678
975,Villarrica,CAL2A-VI-70.5,0.29877236931248924
976,Villarrica,CAL3B-I-58,0.3333700893601919
977,Villarrica,CAL3B-VI-42.5,0.27402995355359194
978,Villarrica,CALA02-13,0.25106321177287433
979,Villarrica,CALA02-44.5,0.17480116933041387
980,Villarrica,CLD056B,0.17014461270112582
981,Villarrica,CLD139A,0.30931559549736376
982,Villarrica,CLD160E,0.2618414566064025
983,Villarrica,CLD160F,0.23397598687507304
984,Villarrica,LR0901B-T2-8,0.14682481784649173
985,Villarrica,LR0901B-T4-31,0.07903614127522667
986,Villarrica,LR0901B-T5-1,0.29033033330018704
987,Villarrica,Ri6-43.5,0.24986283259009287
988,Villarrica,VILL1C-I-23,0.2625338833934923
989,Villarrica,VILL1D-I-15A,0.17571984747115296
990,Villarrica,VILL1D-I-15B,0.13949768470638887
991,Villarrica,VILL1G-II-14,0.21327955973709833
992,Villarrica,VILL1G-II-65,0.23754349784873677
993,Villarrica,VILL2C-II-25,0.13643740922958325
994,Villarrica,VILL2C-II-58,0.13308467718794273
995,Villarrica,VILLAR1B-I-109,0.13975521602947122
996,Villarrica,VILLAR1B-II-36,0.1927536660648731
997,Villarrica,VILLAR1C-I-1,0.09266888678452496
998,Villarrica,VILLAR1C-II-57,0.13166584318796498
999,Yate,HLC-8,0.5891592854979919
1000,Yate,N50,0.45550080809939625
1001,Yate,V135,0.3001352754794307
