,Volcano,SampleObservationID,SampleObservation_distance_to_regression
397,Puyehue-Cordón Caulle,18,0.033742113359128516
398,Puyehue-Cordón Caulle,23,0.08746638925852646
400,Puyehue-Cordón Caulle,26,0.08153866309880801
1720,Hudson,Opr-5-1,0.4956287052364637
1721,Hudson,Opr-5-10,0.6171579993466049
1722,Hudson,Opr-5-11,0.48537599006566023
1723,Hudson,Opr-5-12,0.5362124516002598
1724,Hudson,Opr-5-13,0.4772130027444377
1725,Hudson,Opr-5-14,0.5032293741943857
1726,Hudson,Opr-5-15,0.7586482809844646
1727,Hudson,Opr-5-16,0.865156951165691
1728,Hudson,Opr-5-17,0.5630952033212379
1729,Hudson,Opr-5-18,0.8302373170631058
1730,Hudson,Opr-5-19,0.49471707467759096
1731,Hudson,Opr-5-2,0.6643109887647315
1732,Hudson,Opr-5-20,0.6059133918564237
1733,Hudson,Opr-5-21,0.5893861424894256
1734,Hudson,Opr-5-22,0.5529619534599779
1735,Hudson,Opr-5-23,0.718545079448547
1736,Hudson,Opr-5-24,0.6568606324383619
1737,Hudson,Opr-5-25,0.6454104208834316
1738,Hudson,Opr-5-26,0.5830576530075602
1739,Hudson,Opr-5-27,0.4056033736790913
1740,Hudson,Opr-5-3,0.5714384765224689
1741,Hudson,Opr-5-4,0.5378934615542231
1742,Hudson,Opr-5-5,0.6210509581960404
1743,Hudson,Opr-5-6,0.5430822183385526
1744,Hudson,Opr-5-7,0.5228863979567111
1745,Hudson,Opr-5-8,0.6444453922884946
1746,Hudson,Opr-5-9,0.5525909351217593
1814,Hudson,Mir-1-1,0.2717024215721496
1815,Hudson,Mir-1-10,0.9953546201094449
1816,Hudson,Mir-1-11,0.23723940539514424
1817,Hudson,Mir-1-12,0.4142096099619622
1818,Hudson,Mir-1-13,0.3436149991179732
1819,Hudson,Mir-1-14,0.3636491297869392
1820,Hudson,Mir-1-15,0.29343470422770485
1821,Hudson,Mir-1-16,0.3007815423735612
1822,Hudson,Mir-1-17,0.38741032377858564
1823,Hudson,Mir-1-18,0.37202014007847606
1824,Hudson,Mir-1-19,0.2514640672133416
1825,Hudson,Mir-1-2,0.09978727055648322
1826,Hudson,Mir-1-20,0.31892928513751173
1827,Hudson,Mir-1-21,0.24319049076770274
1828,Hudson,Mir-1-22,0.34639581215726556
1829,Hudson,Mir-1-3,0.38244541250845726
1830,Hudson,Mir-1-4,0.3506357886807464
1831,Hudson,Mir-1-5,0.06931113269374156
1832,Hudson,Mir-1-6,0.99052436157596
1833,Hudson,Mir-1-7,0.2921043242571171
1834,Hudson,Mir-1-8,0.2838522673030731
1835,Hudson,Mir-1-9,0.026610316822080305
1871,Hudson,#3,0.5630215902663647
1872,Hudson,#3a,0.5774248778998081
1873,Hudson,#4,0.47172812817448595
1874,Hudson,#5,0.46041672298323694
1875,Hudson,#2,0.3761779179420781
1878,Hudson,Fac-1-1,0.1247786204772407
1879,Hudson,Fac-1-10,0.35543070977576174
1880,Hudson,Fac-1-11,0.1408193766941514
1881,Hudson,Fac-1-12,0.24864596657590743
1882,Hudson,Fac-1-13,0.37806359020442887
1883,Hudson,Fac-1-14,0.21846735708015097
1884,Hudson,Fac-1-15,0.2544895526765843
1885,Hudson,Fac-1-16,0.2744738897064792
1886,Hudson,Fac-1-17,0.29171002816654634
1887,Hudson,Fac-1-2,0.15034542859726918
1888,Hudson,Fac-1-3,0.2521233412084141
1889,Hudson,Fac-1-4,0.4241524041977361
1890,Hudson,Fac-1-5,0.41643614197807977
1891,Hudson,Fac-1-6,1.0132034030194144
1892,Hudson,Fac-1-7,0.2826665286076157
1893,Hudson,Fac-1-8,0.2689432595936804
1894,Hudson,Fac-1-9,0.2723530764012517
1895,Hudson,Lin-1-1,0.16264247032967447
1896,Hudson,Lin-1-2,0.9627763336287042
1897,Hudson,Lin-1-3,0.7745776563338324
1898,Hudson,Lof-1-1,0.24981008416043934
1899,Hudson,Lof-1-5,1.8608231321506925
1900,Hudson,Opr-1-1,0.33951721625566816
1901,Hudson,Opr-1-10,0.04706949902866522
1902,Hudson,Opr-1-11,0.12197435474195317
1903,Hudson,Opr-1-12,0.12928221069823004
1904,Hudson,Opr-1-13,1.2216539748539281
1905,Hudson,Opr-1-14,0.17099485291587377
1906,Hudson,Opr-1-15,0.23182128917004943
1907,Hudson,Opr-1-16,0.6288446101761535
1908,Hudson,Opr-1-2,0.2314501219500503
1909,Hudson,Opr-1-3,0.8417518821886002
1910,Hudson,Opr-1-4,0.07473996265317809
1911,Hudson,Opr-1-5,0.46506627366185743
1912,Hudson,Opr-1-6,0.2740052342091501
1913,Hudson,Opr-1-7,0.08184130225874675
1914,Hudson,Opr-1-8,0.15769033451983383
1915,Hudson,Opr-1-9,0.43621334727078886
1930,Hudson,Lin-2-1,0.04112098750253561
1931,Hudson,Lin-2-10,0.11393909144556112
1932,Hudson,Lin-2-11,0.8315833921508895
1933,Hudson,Lin-2-12,0.31082918230731665
1934,Hudson,Lin-2-13,0.07408003319124869
1935,Hudson,Lin-2-14,0.11859573709380071
1936,Hudson,Lin-2-15,0.1451963942535401
1937,Hudson,Lin-2-16,0.11150327160523954
1938,Hudson,Lin-2-17,0.13073591119749658
1939,Hudson,Lin-2-18,1.1263861598132985
1940,Hudson,Lin-2-19,0.372914471736719
1941,Hudson,Lin-2-2,0.02107860932781517
1942,Hudson,Lin-2-20,0.5016600882152232
1943,Hudson,Lin-2-21,0.0002347514912830143
1944,Hudson,Lin-2-22,0.09847564348844438
1945,Hudson,Lin-2-23,1.0791414658574534
1946,Hudson,Lin-2-24,0.1489544843317646
1947,Hudson,Lin-2-25,0.19542269804891993
1948,Hudson,Lin-2-26,0.11085528531226059
1949,Hudson,Lin-2-3,0.1032669677989788
1950,Hudson,Lin-2-4,0.15191895865241417
1951,Hudson,Lin-2-5,0.46135448883683594
1952,Hudson,Lin-2-6,0.2743850111967329
1953,Hudson,Lin-2-7,0.6906082444752296
1954,Hudson,Lin-2-8,0.1926760291603946
1955,Hudson,Lin-2-9,0.11922343725784118
1956,Hudson,Lof-2-1,1.6210177834359214
1957,Hudson,Lof-2-3,0.4228385410986165
1958,Hudson,Lof-2-4,0.6637731700123849
2005,Hudson,Fac-2-1,0.27672915163531636
2006,Hudson,Fac-2-10,0.034246887309819285
2007,Hudson,Fac-2-11,0.32284945915021296
2008,Hudson,Fac-2-12,0.9979237428206078
2009,Hudson,Fac-2-13,0.02247770171207922
2010,Hudson,Fac-2-14,0.017013101107806773
2011,Hudson,Fac-2-15,0.030885732624837958
2012,Hudson,Fac-2-16,0.08511950360504027
2013,Hudson,Fac-2-2,0.32293621869782907
2014,Hudson,Fac-2-3,0.26197387004679834
2015,Hudson,Fac-2-4,0.43548400705954754
2016,Hudson,Fac-2-5,0.2053957113128915
2017,Hudson,Fac-2-6,0.05621360479459264
2018,Hudson,Fac-2-7,0.5708699547012734
2019,Hudson,Fac-2-8,0.6291827981101576
2020,Hudson,Fac-2-9,0.33914624384999126
2021,Hudson,Lin-3-1,0.17544174359463413
2022,Hudson,Lin-3-10,0.9400203998243161
2023,Hudson,Lin-3-11,0.1760241971520854
2024,Hudson,Lin-3-12,0.4660195937929936
2025,Hudson,Lin-3-13,0.6922933795434658
2026,Hudson,Lin-3-14,0.5229409751000124
2027,Hudson,Lin-3-15,0.13740791315611353
2028,Hudson,Lin-3-16,0.2575105537756867
2029,Hudson,Lin-3-17,0.22238837932377897
2030,Hudson,Lin-3-2,0.4426692602399198
2031,Hudson,Lin-3-3,0.22548308338068188
2032,Hudson,Lin-3-4,0.3377899693451142
2033,Hudson,Lin-3-5,1.8549737233079562
2034,Hudson,Lin-3-6,0.2596930284889266
2035,Hudson,Lin-3-7,0.42070079226407076
2036,Hudson,Lin-3-8,0.3538551820132653
2037,Hudson,Lin-3-9,0.09311883762438061
2038,Hudson,Lof-4-1,0.4917434368470392
2039,Hudson,Lof-4-10,0.2758693901066103
2040,Hudson,Lof-4-11,0.6572544744934803
2041,Hudson,Lof-4-12,0.136657967509187
2042,Hudson,Lof-4-13,0.18364349924580536
2043,Hudson,Lof-4-14,0.4447073970483555
2044,Hudson,Lof-4-15,0.8224267455123158
2045,Hudson,Lof-4-16,0.23676184594589114
2046,Hudson,Lof-4-17,0.16779812887795584
2047,Hudson,Lof-4-2,0.23672303717992388
2048,Hudson,Lof-4-3,0.2621030751635827
2049,Hudson,Lof-4-4,0.7841599328816212
2050,Hudson,Lof-4-5,0.5642240876893159
2051,Hudson,Lof-4-6,0.552903828772524
2052,Hudson,Lof-4-7,0.17056668241455814
2053,Hudson,Lof-4-8,0.20721632096820003
2054,Hudson,Lof-4-9,0.7318556283063926
2055,Hudson,Opr-3-1,0.12978508984711648
2056,Hudson,Opr-3-10,0.801339511195239
2057,Hudson,Opr-3-11,0.1606366266552656
2058,Hudson,Opr-3-12,0.5771821258285407
2059,Hudson,Opr-3-13,0.33146314153584994
2060,Hudson,Opr-3-14,0.6899193273915388
2061,Hudson,Opr-3-15,0.5719025096544488
2062,Hudson,Opr-3-16,0.5289227391718503
2063,Hudson,Opr-3-2,0.10584411970583195
2064,Hudson,Opr-3-3,0.1349120209118027
2065,Hudson,Opr-3-4,0.5876793498025853
2066,Hudson,Opr-3-5,0.3902769214264355
2067,Hudson,Opr-3-6,0.06562257202208911
2068,Hudson,Opr-3-7,0.7503699413302894
2069,Hudson,Opr-3-8,0.2117060894625109
2070,Hudson,Opr-3-9,0.23300786366324777
2071,Hudson,Opr-4-1,1.0460383349451103
2072,Hudson,Opr-4-2,0.976329443653301
2073,Hudson,Opr-4-3,1.0432652331097236
2074,Hudson,Opr-4-4,0.7305610681370087
2075,Hudson,Opr-4-5,1.039129097216492
2076,Hudson,Opr-4-6,1.0759511591557267
2112,Hudson,Lin-4-1,0.6338140520250226
2113,Hudson,Lin-4-10,0.5797553101343436
2114,Hudson,Lin-4-11,0.613055509411803
2115,Hudson,Lin-4-12,0.528196715912868
2116,Hudson,Lin-4-13,0.7160337039939034
2117,Hudson,Lin-4-2,0.6517782167022216
2118,Hudson,Lin-4-3,0.7645526716415925
2119,Hudson,Lin-4-4,0.623505726652727
2120,Hudson,Lin-4-5,0.509625675378766
2121,Hudson,Lin-4-6,0.689776150164339
2122,Hudson,Lin-4-7,0.773337149005587
2123,Hudson,Lin-4-8,0.6286143635775233
2124,Hudson,Lin-4-9,1.0321360771886021
2152,Hudson,Opr-7-1,0.32982471089063814
2153,Hudson,Opr-7-10,0.35601663724399585
2154,Hudson,Opr-7-11,0.6449239519817347
2155,Hudson,Opr-7-12,0.561733977692305
2156,Hudson,Opr-7-13,0.5646559507348585
2157,Hudson,Opr-7-14,0.6907187788395469
2158,Hudson,Opr-7-15,0.47272940412236386
2159,Hudson,Opr-7-16,0.3832318012614098
2160,Hudson,Opr-7-17,0.5381776511204118
2161,Hudson,Opr-7-18,0.19827118014911987
2162,Hudson,Opr-7-19,0.5772620712186447
2163,Hudson,Opr-7-2,0.4764393332071559
2164,Hudson,Opr-7-20,0.45991798685829566
2165,Hudson,Opr-7-21,0.4704770593457137
2166,Hudson,Opr-7-22,0.5620361698876792
2167,Hudson,Opr-7-23,0.40702553433159394
2168,Hudson,Opr-7-3,0.14831330816249447
2169,Hudson,Opr-7-4,0.15983957652061792
2170,Hudson,Opr-7-5,0.5062221480391332
2171,Hudson,Opr-7-6,0.40882340889760604
2172,Hudson,Opr-7-7,0.4738298810485577
2173,Hudson,Opr-7-8,0.4026867127651504
2174,Hudson,Opr-7-9,0.49868258307291685
2209,Hudson,Mar-02-1,1.726145340563775
2210,Hudson,Mar-02-10,0.49740482679331505
2211,Hudson,Mar-02-11,0.570558549942458
2212,Hudson,Mar-02-12,0.1522967005868321
2213,Hudson,Mar-02-13,0.20304230773947338
2214,Hudson,Mar-02-14,1.2606469734309333
2215,Hudson,Mar-02-15,0.4350888076411778
2216,Hudson,Mar-02-16,0.1831170384758435
2217,Hudson,Mar-02-17,0.16886086502522984
2218,Hudson,Mar-02-18,0.0014246759888670464
2219,Hudson,Mar-02-19,0.19880730826053675
2220,Hudson,Mar-02-2,0.36818737125406864
2221,Hudson,Mar-02-20,0.20211062016225437
2222,Hudson,Mar-02-21,0.373828123002931
2223,Hudson,Mar-02-3,0.2153074948106441
2224,Hudson,Mar-02-4,0.2306334614317991
2225,Hudson,Mar-02-5,0.11126599989158774
2226,Hudson,Mar-02-6,0.5768933420549358
2227,Hudson,Mar-02-7,0.2573428857944072
2228,Hudson,Mar-02-8,0.671457258802194
2229,Hudson,Mar-02-9,0.8505836266190995
2237,Hudson,Opr-8-1,0.000661070759573609
2238,Hudson,Opr-8-2,1.124669705924004
2239,Hudson,Opr-8-3,0.6044858850887398
2240,Hudson,Opr-8-4,0.5126191602630358
2241,Hudson,Opr-8-5,0.010844067708605885
2242,Hudson,Opr-8-6,0.005509687132588621
2262,Hudson,3088-160-1,0.20717211809891578
2263,Hudson,3088-160-10,0.778120492455651
2264,Hudson,3088-160-11,0.6826454235643312
2265,Hudson,3088-160-12,0.10665196321479535
2266,Hudson,3088-160-13,0.28440365231448117
2267,Hudson,3088-160-14,0.18463463352321258
2268,Hudson,3088-160-15,0.1784136035872683
2269,Hudson,3088-160-16,0.16648906669371089
2270,Hudson,3088-160-17,0.038090885348369165
2271,Hudson,3088-160-2,0.48566784593779405
2272,Hudson,3088-160-3,0.016969730216194318
2273,Hudson,3088-160-4,0.4442077914621243
2274,Hudson,3088-160-5,0.21094012076906063
2275,Hudson,3088-160-6,0.18829056205807282
2276,Hudson,3088-160-7,0.42690559677833984
2277,Hudson,3088-160-8,0.37732481897598985
2278,Hudson,3088-160-9,0.012399633674952993
2388,Llaima,8LM-339_A32m,0.42000307008660576
2417,Llaima,8LM-339_B20c,0.35837796287535967
2422,Llaima,8LM-339_B23e,0.4088376375290065
2495,Llaima,8LM-338_B20m2,0.4515256253393223
2537,Llaima,8LM-338_D12,0.35209503155573385
2666,Llaima,LL17-4-1,1.6084074706228817
2667,Llaima,LL17-4-2,1.2404890942929707
2668,Llaima,LL17-4-3,0.5496357411722753
2669,Llaima,LL17-4-4,0.9231624513670326
2822,Llaima,12F3-C_1,0.09027306445249601
2823,Llaima,12F3-C_10,0.4154469698164681
2824,Llaima,12F3-C_2,0.6323595189312454
2825,Llaima,12F3-C_3,0.3023910485640693
2826,Llaima,12F3-C_4,0.3759909016196914
2827,Llaima,12F3-C_5,0.012506911993519736
2828,Llaima,12F3-C_6,0.44955175936087843
2829,Llaima,12F3-C_8,0.425737614337104
3961,Michinmahuida,12-05-29_10,0.1160772210234896
3962,Michinmahuida,12-05-29_12,0.03527259948200927
3963,Michinmahuida,12-05-29_13,0.05266694489958161
3964,Michinmahuida,12-05-29_15,0.2130370874632314
3965,Michinmahuida,12-05-29_17,0.10094815267441185
3966,Michinmahuida,12-05-29_18,0.2549265326181444
3967,Michinmahuida,12-05-29_2,0.07997025066395701
3968,Michinmahuida,12-05-29_22,1.5363491691136748
3969,Michinmahuida,12-05-29_4,0.13312289866864496
3970,Michinmahuida,12-05-29_7,0.03398781626852885
3971,Michinmahuida,12-05-29_8,0.13132579814186696
3972,Michinmahuida,12-05-29_9,0.13816936444146863
4019,Michinmahuida,14-01_06-1,0.08118774382079527
4020,Michinmahuida,14-01_06-10,0.04381829690913295
4021,Michinmahuida,14-01_06-11,0.1401600190007617
4022,Michinmahuida,14-01_06-12,1.2408643631932177
4023,Michinmahuida,14-01_06-13,0.11540296859488418
4024,Michinmahuida,14-01_06-14,0.09171011185774526
4025,Michinmahuida,14-01_06-15,0.22291321555485455
4026,Michinmahuida,14-01_06-16,0.11869503899673492
4027,Michinmahuida,14-01_06-17,0.06588658283139753
4028,Michinmahuida,14-01_06-18,0.3906949062127659
4029,Michinmahuida,14-01_06-19,0.47566416544658663
4030,Michinmahuida,14-01_06-2,0.017409669209135913
4031,Michinmahuida,14-01_06-20,0.14882733341811197
4032,Michinmahuida,14-01_06-21,0.04826948047190106
4033,Michinmahuida,14-01_06-22,1.5118000367405091
4034,Michinmahuida,14-01_06-23,0.1364024909449505
4035,Michinmahuida,14-01_06-24,0.9585632373612014
4036,Michinmahuida,14-01_06-25,0.881705329584162
4037,Michinmahuida,14-01_06-3,0.06917865323325004
4038,Michinmahuida,14-01_06-4,0.05694136479270837
4039,Michinmahuida,14-01_06-5,0.2125714688363901
4040,Michinmahuida,14-01_06-6,0.06050905386416992
4041,Michinmahuida,14-01_06-7,1.1424822405421518
4042,Michinmahuida,14-01_06-8,0.5031598418223178
4043,Michinmahuida,14-01_06-9,0.14113157812905486
4095,Michinmahuida,13-03-13-1,0.30120089596422306
4096,Michinmahuida,13-03-13-2,0.2041203825007564
4097,Michinmahuida,13-03-13-3,0.33383897074005026
4098,Michinmahuida,13-03-13-4,2.8225222982330265
4099,Michinmahuida,13-03-13-5,0.044096200530471856
4162,Michinmahuida,T2/100-1,0.593610312133811
4163,Michinmahuida,T2/100-10,0.07241028944167437
4164,Michinmahuida,T2/100-11,0.08289713519774851
4165,Michinmahuida,T2/100-12,0.04164308573384353
4166,Michinmahuida,T2/100-13,0.6515897989776724
4167,Michinmahuida,T2/100-14,0.1844069239617504
4168,Michinmahuida,T2/100-15,0.36675929960662157
4169,Michinmahuida,T2/100-16,0.13781143571549898
4170,Michinmahuida,T2/100-17,0.05089588299588268
4171,Michinmahuida,T2/100-18,0.6139417964762551
4172,Michinmahuida,T2/100-19,0.6994486137254753
4173,Michinmahuida,T2/100-2,0.5533956265086444
4174,Michinmahuida,T2/100-20,0.14299347681954902
4175,Michinmahuida,T2/100-21,0.05623808913295218
4176,Michinmahuida,T2/100-22,0.3343775828664918
4177,Michinmahuida,T2/100-23,0.4684243536703056
4178,Michinmahuida,T2/100-24,0.17399655778544343
4179,Michinmahuida,T2/100-3,0.3398780607091975
4180,Michinmahuida,T2/100-4,0.29292018459603153
4181,Michinmahuida,T2/100-5,0.08862856630415926
4182,Michinmahuida,T2/100-6,0.377366602480844
4183,Michinmahuida,T2/100-7,0.1521157785498699
4184,Michinmahuida,T2/100-8,0.011909192486525551
4185,Michinmahuida,T2/100-9,0.06861487347224751
4186,Michinmahuida,T4/100-1,0.00960807863602958
4187,Michinmahuida,T4/100-10,0.2338535168797889
4188,Michinmahuida,T4/100-11,0.3720964543716909
4189,Michinmahuida,T4/100-12,0.7891034380065588
4190,Michinmahuida,T4/100-13,0.42034834206968835
4191,Michinmahuida,T4/100-14,0.2534455178085419
4192,Michinmahuida,T4/100-15,0.017171801119983034
4193,Michinmahuida,T4/100-16,0.22063554522472278
4194,Michinmahuida,T4/100-17,0.21049593259121163
4195,Michinmahuida,T4/100-18,0.11346286958462543
4196,Michinmahuida,T4/100-19,0.04303048565570071
4197,Michinmahuida,T4/100-2,0.0635855857992153
4198,Michinmahuida,T4/100-20,0.0048480584171570916
4199,Michinmahuida,T4/100-21,0.087540449545005
4200,Michinmahuida,T4/100-22,0.14472566227399783
4201,Michinmahuida,T4/100-23,0.2316390116289744
4202,Michinmahuida,T4/100-24,0.21998470534595566
4203,Michinmahuida,T4/100-25,0.5730352380543775
4204,Michinmahuida,T4/100-26,0.04658334915696732
4205,Michinmahuida,T4/100-3,0.24524408951039522
4206,Michinmahuida,T4/100-4,0.24326481755412044
4207,Michinmahuida,T4/100-5,0.8034178489866874
4208,Michinmahuida,T4/100-6,0.8942749176886399
4209,Michinmahuida,T4/100-7,0.23445150933026687
4210,Michinmahuida,T4/100-8,0.5007534851338634
4211,Michinmahuida,T4/100-9,0.23219797992818647
7635,Puyehue-Cordón Caulle,LV1B_1,0.14072259929301045
7636,Puyehue-Cordón Caulle,LV1B_10,0.11048186664041035
7637,Puyehue-Cordón Caulle,LV1B_11,0.0887744674671449
7638,Puyehue-Cordón Caulle,LV1B_12,2.021953084208051
7639,Puyehue-Cordón Caulle,LV1B_13,0.029720836668415095
7640,Puyehue-Cordón Caulle,LV1B_15,0.1546754746434959
7641,Puyehue-Cordón Caulle,LV1B_18,0.2936852897462068
7642,Puyehue-Cordón Caulle,LV1B_19,0.08993374534653226
7643,Puyehue-Cordón Caulle,LV1B_2,0.1348394689137075
7644,Puyehue-Cordón Caulle,LV1B_21,0.056654518894721534
7645,Puyehue-Cordón Caulle,LV1B_22,0.02446773006233175
7646,Puyehue-Cordón Caulle,LV1B_23,0.19268088332653036
7647,Puyehue-Cordón Caulle,LV1B_24,0.13931611932781285
7648,Puyehue-Cordón Caulle,LV1B_4,0.1747588608694739
7649,Puyehue-Cordón Caulle,LV1B_5,0.17644147498614654
7650,Puyehue-Cordón Caulle,LV1B_6,0.3782471646993746
7651,Puyehue-Cordón Caulle,LV1B_8,0.815356599477782
7652,Puyehue-Cordón Caulle,LV1B_9,0.2880656420094096
7715,Puyehue-Cordón Caulle,16,0.16033937797087375
7716,Puyehue-Cordón Caulle,17,0.003099123022145502
7717,Puyehue-Cordón Caulle,19,0.20851326487359656
7718,Puyehue-Cordón Caulle,20,0.20605959241570743
7719,Puyehue-Cordón Caulle,21,0.6949730426049934
7720,Puyehue-Cordón Caulle,22,0.16447497278817885
7721,Puyehue-Cordón Caulle,25,0.9749170799914534
9311,Quetrupillán,Qu08-D_10,0.11180022674398317
9312,Quetrupillán,Qu08-D_14,0.3817889657793672
9313,Quetrupillán,Qu08-D_15,0.5751202772192016
9314,Quetrupillán,Qu08-D_16,0.3365517333459295
9315,Quetrupillán,Qu08-D_17,0.21722276880141725
9316,Quetrupillán,Qu08-D_20,0.233442065698259
9317,Quetrupillán,Qu08-D_23,0.23389652955620227
9318,Quetrupillán,Qu08-D_4,0.5435908294718849
9319,Quetrupillán,Qu08-Db-1,0.38041309059712264
9320,Quetrupillán,Qu08-Db-10,0.33287288376512963
9321,Quetrupillán,Qu08-Db-13,0.3964000272253442
9322,Quetrupillán,Qu08-Db-14,0.26721752084130107
9323,Quetrupillán,Qu08-Db-15,0.5194333731348086
9324,Quetrupillán,Qu08-Db-16,0.4436904220763691
9325,Quetrupillán,Qu08-Db-18,0.44083708116597864
9326,Quetrupillán,Qu08-Db-21,0.21266096050665198
9327,Quetrupillán,Qu08-Db-22,0.33890421920391095
9328,Quetrupillán,Qu08-Db-23,0.44000959947348706
9329,Quetrupillán,Qu08-Db-25,0.46194727250450035
9330,Quetrupillán,Qu08-Db-3,0.4814255573001994
9331,Quetrupillán,Qu08-Db-5,0.3334624990043525
9332,Quetrupillán,Qu08-Db-6,0.19707922159639227
9333,Quetrupillán,Qu08-Db-7,0.35533119881023656
9334,Quetrupillán,Qu08-Db-8,0.45047830190026034
9335,Quetrupillán,Qu08-Db-9,0.41255166747005195
9336,Quetrupillán,Qu11-B-19,0.5233398561126125
9337,Quetrupillán,Qu11-B-21,0.41052185555248977
9338,Quetrupillán,Qu11-B-22,0.5233726335969503
9339,Quetrupillán,Qu11-B-25,0.4740962808620052
9340,Quetrupillán,Qu11-B-5,0.6080584316415282
9341,Quetrupillán,FXV-III-A_10,0.40945287420327797
9342,Quetrupillán,FXV-III-A_11,0.5414588751235718
9343,Quetrupillán,FXV-III-A_12,0.4733386447115632
9344,Quetrupillán,FXV-III-A_15,0.17413604613197609
9345,Quetrupillán,FXV-III-A_16,0.4037279763940976
9346,Quetrupillán,FXV-III-A_17,0.28284043578517154
9347,Quetrupillán,FXV-III-A_18,0.20699090715751778
9348,Quetrupillán,FXV-III-A_19,0.24026049283806922
9349,Quetrupillán,FXV-III-A_2,0.10714950778892127
9350,Quetrupillán,FXV-III-A_20,0.23064744411141397
9351,Quetrupillán,FXV-III-A_21,0.19005156275706026
9352,Quetrupillán,FXV-III-A_22,0.25622900140527144
9353,Quetrupillán,FXV-III-A_23,0.2916388788710123
9354,Quetrupillán,FXV-III-A_24,0.2920377023951611
9355,Quetrupillán,FXV-III-A_25,0.25651841585251334
9356,Quetrupillán,FXV-III-A_3,0.6285844865776317
9357,Quetrupillán,FXV-III-A_6,0.43742401266901276
9358,Quetrupillán,FXV-III-A_8,0.23831067190679542
9359,Quetrupillán,FXV-III-A_9,0.45731013273056886
9360,Quetrupillán,Qu04-G_1,0.3566808026264912
9361,Quetrupillán,Qu04-G_13,0.34445869954149594
9362,Quetrupillán,Qu04-G_14,0.2918628008621385
9363,Quetrupillán,Qu04-G_15,0.23795195061566193
9364,Quetrupillán,Qu04-G_16,0.16693080394219953
9365,Quetrupillán,Qu04-G_24,0.17559825443507177
9366,Quetrupillán,Qu04-G_6,0.3895804442462048
9367,Quetrupillán,Qu04-G_7,0.22280008019102512
9368,Quetrupillán,Qu04-Gb-1,0.4972222973023974
9369,Quetrupillán,Qu04-Gb-10,1.6607178599116308
9370,Quetrupillán,Qu04-Gb-11,0.40031209056766465
9371,Quetrupillán,Qu04-Gb-13,0.5583634605428955
9372,Quetrupillán,Qu04-Gb-14,0.49308248500949364
9373,Quetrupillán,Qu04-Gb-15,1.485991113768531
9374,Quetrupillán,Qu04-Gb-18,0.4182108026175591
9375,Quetrupillán,Qu04-Gb-2,0.4111795415099542
9376,Quetrupillán,Qu04-Gb-20,0.44261421415186836
9377,Quetrupillán,Qu04-Gb-21,0.4105102488961543
9378,Quetrupillán,Qu04-Gb-22,0.5641264750683528
9379,Quetrupillán,Qu04-Gb-23,0.468685472976781
9380,Quetrupillán,Qu04-Gb-25,0.3330207498223885
9381,Quetrupillán,Qu04-Gb-3,0.1672128105550264
9382,Quetrupillán,Qu04-Gb-4,0.36635435462131044
9383,Quetrupillán,Qu04-Gb-5,0.4899634329556531
9384,Quetrupillán,Qu04-Gb-6,0.3801991949405878
9385,Quetrupillán,Qu04-Gb-7,0.3206113011005052
9386,Quetrupillán,Qu04-Gb-8,0.4536825536576112
9387,Quetrupillán,Qu08-B_10,0.3368698725660891
9388,Quetrupillán,Qu08-B_11,0.2971175665152359
9389,Quetrupillán,Qu08-B_14,0.5739120665324741
9390,Quetrupillán,Qu08-B_18,0.3129610177321352
9391,Quetrupillán,Qu08-B_21,0.3623952292939901
9392,Quetrupillán,Qu08-B_22,0.24402498050538662
9393,Quetrupillán,Qu08-Bb-1,0.3029478925890712
9394,Quetrupillán,Qu08-Bb-10,0.6589536570498895
9395,Quetrupillán,Qu08-Bb-11,0.5444065761998612
9396,Quetrupillán,Qu08-Bb-12,0.3879402801442596
9397,Quetrupillán,Qu08-Bb-13,1.0348042584440533
9398,Quetrupillán,Qu08-Bb-15,0.5753184544625994
9399,Quetrupillán,Qu08-Bb-17,0.21642819132870922
9400,Quetrupillán,Qu08-Bb-18,0.5339535306998034
9401,Quetrupillán,Qu08-Bb-19,0.37567561624433077
9402,Quetrupillán,Qu08-Bb-2,0.35922960245478486
9403,Quetrupillán,Qu08-Bb-21,0.08124520272890726
9404,Quetrupillán,Qu08-Bb-22,0.23644048101162765
9405,Quetrupillán,Qu08-Bb-23,0.39870882302940885
9406,Quetrupillán,Qu08-Bb-24,0.34422814368540666
9407,Quetrupillán,Qu08-Bb-25,0.38613700166409204
9408,Quetrupillán,Qu08-Bb-3,0.5025902349308425
9409,Quetrupillán,Qu08-Bb-5,0.46259746812482944
9410,Quetrupillán,Qu08-Bb-6,0.36948364430096714
9411,Quetrupillán,Qu08-Bb-7,0.5908343395418466
9412,Quetrupillán,Qu08-Bb-8,0.44066244349611133
9413,Quetrupillán,Qu08-Bb-9,0.3243029723993915
9414,Quetrupillán,Qu09-G-1,0.5417015914542933
9415,Quetrupillán,Qu09-G-10,0.5642444032816527
9416,Quetrupillán,Qu09-G-11,0.672169605811502
9417,Quetrupillán,Qu09-G-12,1.2453230834240099
9418,Quetrupillán,Qu09-G-13,0.5240288746968621
9419,Quetrupillán,Qu09-G-14,0.7101203490108084
9420,Quetrupillán,Qu09-G-15,0.4085605652423061
9421,Quetrupillán,Qu09-G-16,0.5771776277352307
9422,Quetrupillán,Qu09-G-17,0.6226499925926137
9423,Quetrupillán,Qu09-G-18,0.41269189738760537
9424,Quetrupillán,Qu09-G-19,0.2750233989801802
9425,Quetrupillán,Qu09-G-2,0.5286356880112694
9426,Quetrupillán,Qu09-G-20,0.44441395102977427
9427,Quetrupillán,Qu09-G-21,0.6028846065228786
9428,Quetrupillán,Qu09-G-22,0.5062261919679222
9429,Quetrupillán,Qu09-G-23,0.25992182864027785
9430,Quetrupillán,Qu09-G-24,0.6044689591172502
9431,Quetrupillán,Qu09-G-25,0.4597302810694695
9432,Quetrupillán,Qu09-G-3,0.6460709030310262
9433,Quetrupillán,Qu09-G-4,0.43511328411429484
9434,Quetrupillán,Qu09-G-5,0.6682396294014151
9435,Quetrupillán,Qu09-G-6,0.501958548859489
9436,Quetrupillán,Qu09-G-7,0.8457772118208928
9437,Quetrupillán,Qu09-G-8,0.4754651265442223
9438,Quetrupillán,Qu09-G-9,0.5437941962611522
9439,Quetrupillán,Qu11-D-1,0.42194609600077293
9440,Quetrupillán,Qu11-D-10,0.5397416252406019
9441,Quetrupillán,Qu11-D-11,0.4947323167511433
9442,Quetrupillán,Qu11-D-12,0.42020133866457293
9443,Quetrupillán,Qu11-D-14,0.41517394861709794
9444,Quetrupillán,Qu11-D-24,0.5722976258674757
9445,Quetrupillán,Qu11-D-3,0.7209047936180232
9593,Quetrupillán,Qu01-C_1,0.41641668941495935
9594,Quetrupillán,Qu01-C_11,0.49383171561080325
9595,Quetrupillán,Qu01-C_12,0.4147589996001971
9596,Quetrupillán,Qu01-C_13,0.4535653260810742
9597,Quetrupillán,Qu01-C_14,0.4607272959598205
9598,Quetrupillán,Qu01-C_15,0.2582245146748934
9599,Quetrupillán,Qu01-C_16,0.38673360258958067
9600,Quetrupillán,Qu01-C_17,0.3374725409276423
9601,Quetrupillán,Qu01-C_18,0.4757345688464982
9602,Quetrupillán,Qu01-C_19,0.41521769573539347
9603,Quetrupillán,Qu01-C_2,0.4231661385748525
9604,Quetrupillán,Qu01-C_20,0.4679055002215436
9605,Quetrupillán,Qu01-C_21,0.49547785685847756
9606,Quetrupillán,Qu01-C_23,0.4632709484137344
9607,Quetrupillán,Qu01-C_24,0.5568367068338947
9608,Quetrupillán,Qu01-C_25,0.519434241556335
9609,Quetrupillán,Qu01-C_3,0.38334808381859437
9610,Quetrupillán,Qu01-C_4,0.3436545214676703
9611,Quetrupillán,Qu01-C_5,0.4538522374692072
9612,Quetrupillán,Qu01-C_6,0.546666894284159
9613,Quetrupillán,Qu01-C_7,0.4993331874734127
9614,Quetrupillán,Qu01-C_8,0.5481415257522261
9615,Quetrupillán,Qu01-C_9,0.6401012014892956
9616,Quetrupillán,Qu02-E_1,0.38843782969774177
9617,Quetrupillán,Qu02-E_10,0.2834862221854718
9618,Quetrupillán,Qu02-E_2,0.2912935370211297
9619,Quetrupillán,Qu02-E_3,0.3612787443472893
9620,Quetrupillán,Qu02-E_4,0.3200568122112799
9621,Quetrupillán,Qu02-E_5,0.4260820814203602
9622,Quetrupillán,Qu02-E_6,0.3999483408280041
9623,Quetrupillán,Qu02-E_7,0.6960601322451476
9624,Quetrupillán,Qu02-E_8,0.20025592441774168
9625,Quetrupillán,Qu02-E_9,0.36487086214314046
9626,Quetrupillán,Qu02-F_1,0.3940739691409622
9627,Quetrupillán,Qu02-F_10,0.3305219646268399
9628,Quetrupillán,Qu02-F_11,0.3619228021271665
9629,Quetrupillán,Qu02-F_12,0.3425118634141243
9630,Quetrupillán,Qu02-F_13,0.4076823430875505
9631,Quetrupillán,Qu02-F_14,0.2679824218918345
9632,Quetrupillán,Qu02-F_16,0.321208849201053
9633,Quetrupillán,Qu02-F_17,0.47062233878798987
9634,Quetrupillán,Qu02-F_18,0.4307697584610367
9635,Quetrupillán,Qu02-F_19,0.3191787930210993
9636,Quetrupillán,Qu02-F_2,0.37937489688984943
9637,Quetrupillán,Qu02-F_4,0.294660044229189
9638,Quetrupillán,Qu02-F_5,0.2930148075790907
9639,Quetrupillán,Qu02-F_6,0.3502227035249445
9640,Quetrupillán,Qu02-F_7,0.31007324316596524
9641,Quetrupillán,Qu02-F_8,0.41477504135280535
9642,Quetrupillán,Qu02-F_9,0.39959387521884726
9728,Quetrupillán,CT'-I-B_1,0.47588564956906865
9729,Quetrupillán,CT'-I-B_11,0.533185520484462
9730,Quetrupillán,CT'-I-B_12,0.30631825227853154
9731,Quetrupillán,CT'-I-B_13,0.009260890379416312
9732,Quetrupillán,CT'-I-B_14,0.9774428379094462
9733,Quetrupillán,CT'-I-B_15,0.30038336038947255
9734,Quetrupillán,CT'-I-B_17,0.09029710370801221
9735,Quetrupillán,CT'-I-B_18,0.17180420926333898
9736,Quetrupillán,CT'-I-B_19,0.43364239066444327
9737,Quetrupillán,CT'-I-B_2,0.36436012030050396
9738,Quetrupillán,CT'-I-B_21,0.06735557199564268
9739,Quetrupillán,CT'-I-B_22,0.37351936067763736
9740,Quetrupillán,CT'-I-B_23,0.3176457397257828
9741,Quetrupillán,CT'-I-B_24,0.46188326821692605
9742,Quetrupillán,CT'-I-B_29,0.5130079196816658
9743,Quetrupillán,CT'-I-B_3,0.17780119969814842
9744,Quetrupillán,CT'-I-B_30,0.32123795973784147
9745,Quetrupillán,CT'-I-B_6,0.23810132397739592
9746,Quetrupillán,CT'-I-B_9,0.040821940734122014
9747,Quetrupillán,Qu12-G-1,0.03736429860416896
9748,Quetrupillán,Qu12-G-10,0.2183614586103878
9749,Quetrupillán,Qu12-G-2,0.061739454612226456
9750,Quetrupillán,Qu12-G-3,0.28011528921289486
9751,Quetrupillán,Qu12-G-4,0.30316404181184997
9752,Quetrupillán,Qu12-G-5,0.32019650357982815
9753,Quetrupillán,Qu12-G-7,0.13650373476150585
9754,Quetrupillán,Qu12-G-8,0.4158879417381544
9755,Quetrupillán,Qu12-G-9,0.21362714185135842
9756,Quetrupillán,CT'-I-C_1,0.3801374818203369
9757,Quetrupillán,CT'-I-C_10,0.34801683515603715
9758,Quetrupillán,CT'-I-C_11,0.4293667034629698
9759,Quetrupillán,CT'-I-C_14,0.5304793943830945
9760,Quetrupillán,CT'-I-C_15,0.32496534541022976
9761,Quetrupillán,CT'-I-C_17,0.35398634021081327
9762,Quetrupillán,CT'-I-C_18,0.37477633216736767
9763,Quetrupillán,CT'-I-C_19,0.3688087696517383
9764,Quetrupillán,CT'-I-C_2,0.3519471124634268
9765,Quetrupillán,CT'-I-C_20,0.3589824786839603
9766,Quetrupillán,CT'-I-C_21,0.3929125540958591
9767,Quetrupillán,CT'-I-C_22,0.49333549192036524
9768,Quetrupillán,CT'-I-C_23,0.41161658323152533
9769,Quetrupillán,CT'-I-C_24,0.30346676418003327
9770,Quetrupillán,CT'-I-C_25,0.38251047310463465
9771,Quetrupillán,CT'-I-C_26,0.30342809005065013
9772,Quetrupillán,CT'-I-C_27,0.32797736946916795
9773,Quetrupillán,CT'-I-C_28,0.49550517381190695
9774,Quetrupillán,CT'-I-C_29,0.40133381681355745
9775,Quetrupillán,CT'-I-C_3,0.2781171453633827
9776,Quetrupillán,CT'-I-C_4,0.448484307685128
9777,Quetrupillán,CT'-I-C_5,0.3705424326818745
9778,Quetrupillán,CT'-I-C_6,0.47493264297896426
9779,Quetrupillán,CT'-I-C_7,0.44159192395650854
9780,Quetrupillán,CT'-I-C_9,0.3952068053466426
9781,Quetrupillán,Qu13-B-1,0.3352939936727784
9782,Quetrupillán,Qu13-B-11,0.3847545532990529
9783,Quetrupillán,Qu13-B-12,0.3946437890422728
9784,Quetrupillán,Qu13-B-13,0.32182942770310285
9785,Quetrupillán,Qu13-B-14,0.3242650801627981
9786,Quetrupillán,Qu13-B-16,0.42248700080183155
9787,Quetrupillán,Qu13-B-17,0.37553475533028347
9788,Quetrupillán,Qu13-B-19,0.3733060393411974
9789,Quetrupillán,Qu13-B-2,0.39924972249735496
9790,Quetrupillán,Qu13-B-21,0.29769663513457667
9791,Quetrupillán,Qu13-B-22,0.37794041273035783
9792,Quetrupillán,Qu13-B-23,0.4283950475025009
9793,Quetrupillán,Qu13-B-24,0.2850279635594197
9794,Quetrupillán,Qu13-B-25,0.4342330559485337
9795,Quetrupillán,Qu13-B-3,0.37298786534295797
9796,Quetrupillán,Qu13-B-4,0.41219795392448805
9797,Quetrupillán,Qu13-B-5,0.5479148931230611
9798,Quetrupillán,Qu13-B-7,0.3290268047080658
9799,Quetrupillán,Qu13-B-8,0.4634403628809971
9800,Quetrupillán,Qu13-B-9,0.3455474418593527
9840,Quetrupillán,FXV-I-G_1,0.5219235989197046
9841,Quetrupillán,FXV-I-G_10,0.4942860138768911
9842,Quetrupillán,FXV-I-G_11,0.36811181077873023
9843,Quetrupillán,FXV-I-G_12,0.487765485634486
9844,Quetrupillán,FXV-I-G_13,0.6638362227865283
9845,Quetrupillán,FXV-I-G_14,0.6905780456279916
9846,Quetrupillán,FXV-I-G_15,0.507296613583317
9847,Quetrupillán,FXV-I-G_16,0.39152843663225095
9848,Quetrupillán,FXV-I-G_18,0.17455878345998058
9849,Quetrupillán,FXV-I-G_2,0.5414431222212738
9850,Quetrupillán,FXV-I-G_20,0.17971525772635358
9851,Quetrupillán,FXV-I-G_21,0.11756366138320537
9852,Quetrupillán,FXV-I-G_22,0.32492533264167933
9853,Quetrupillán,FXV-I-G_23,0.3312554817110764
9854,Quetrupillán,FXV-I-G_5,0.3188709156773221
9855,Quetrupillán,FXV-I-G_6,0.1965598409838987
9856,Quetrupillán,FXV-I-G_7,0.3236295261768696
9857,Quetrupillán,FXV-I-G_9,0.5230474825031532
11873,Villarrica,VR4-1,1.0794690928755282
11874,Villarrica,VR4-2,0.7743987046155422
11875,Villarrica,VR5-2-1,0.22902100871363482
11876,Villarrica,VR5-2-2,0.8711721231367897
11877,Villarrica,VR5-2-3,0.9346627057803217
11878,Villarrica,VR5-2-4,0.7055017967061852
11879,Villarrica,VR5-2-5,0.8693705380454024
12583,Yate,HLC-8,0.5842542651256383
12584,Yate,N50-1,0.40711593182464156
12585,Yate,N50-10,0.38838942197176685
12586,Yate,N50-11,0.5958197295911881
12587,Yate,N50-12,0.25889596641949214
12588,Yate,N50-13,0.32937348772095315
12589,Yate,N50-2,0.5658994648064749
12590,Yate,N50-3,0.7691399195927894
12591,Yate,N50-4,0.48274056646639407
12592,Yate,N50-5,0.39534523404363625
12593,Yate,N50-6,0.4414719153324578
12594,Yate,N50-7,0.3821124525795825
12595,Yate,N50-8,0.32093985858517077
12596,Yate,N50-9,0.24567999331969678
